jour_semaine,jour_ferie,heure,saison,meteo,temperature,vitesse_vent,prix_kwh,consommation_gw
Mercredi,False,21,Printemps,Nuageux,14,11,14,60.92
Jeudi,False,0,Été,Neigeux,20,14,20,67.33
Mercredi,False,15,Printemps,Nuageux,35,33,36,67.38
Mercredi,False,16,Printemps,Neigeux,-10,35,25,95.1
Vendredi,False,11,Été,Ensoleillé,-7,62,44,96.11
Vendredi,False,8,Printemps,Neigeux,-8,35,34,87.01
Lundi,False,0,Automne,Neigeux,36,44,23,73.13
Dimanche,True,7,Automne,Ensoleillé,6,5,48,48.16
Mardi,False,17,Automne,Nuageux,22,11,24,71.32
Mardi,False,5,Été,Nuageux,35,34,48,61.87
Dimanche,True,13,Automne,Nuageux,32,4,16,67.33
Vendredi,False,15,Hiver,Pluvieux,5,19,30,90.18
Mercredi,False,9,Printemps,Neigeux,20,13,12,74.21
Mardi,False,13,Hiver,Ensoleillé,1,98,37,91.53
Lundi,False,19,Été,Nuageux,25,98,43,66.62
Mercredi,False,15,Automne,Neigeux,1,31,25,91.39
Dimanche,True,22,Été,Ensoleillé,34,55,45,44.16
Jeudi,False,22,Printemps,Pluvieux,18,90,18,66.3
Vendredi,False,11,Printemps,Pluvieux,15,40,12,82.44
Lundi,False,9,Automne,Pluvieux,-7,40,47,86.7
Samedi,True,14,Printemps,Ensoleillé,27,58,42,43.64
Vendredi,False,15,Automne,Ensoleillé,10,9,17,84.06
Mardi,False,0,Été,Nuageux,-6,64,44,71.75
Vendredi,False,10,Été,Pluvieux,0,16,32,97.1
Lundi,False,21,Été,Pluvieux,-5,25,16,89.59
Dimanche,True,9,Printemps,Neigeux,40,26,26,68.02
Dimanche,True,14,Printemps,Nuageux,37,28,27,59.09
Samedi,True,7,Hiver,Ensoleillé,21,60,45,50.97
Lundi,False,13,Printemps,Pluvieux,38,29,48,74.54
Mardi,False,8,Automne,Nuageux,37,50,28,74.23
Mardi,False,12,Hiver,Neigeux,6,76,37,105.35
Mercredi,False,23,Printemps,Pluvieux,32,27,16,65.01
Mardi,False,14,Été,Neigeux,-8,24,12,115.17
Dimanche,True,19,Été,Pluvieux,-7,59,48,80.95
Dimanche,True,16,Printemps,Neigeux,27,18,20,67.65
Lundi,False,20,Automne,Pluvieux,20,21,37,66.39
Dimanche,True,12,Automne,Nuageux,30,18,33,59.39
Mercredi,False,19,Hiver,Neigeux,-10,17,47,104.01
Lundi,False,7,Printemps,Neigeux,32,66,48,68.39
Vendredi,False,18,Printemps,Ensoleillé,19,45,26,66.55
Samedi,True,0,Printemps,Neigeux,36,1,22,52.08
Lundi,False,5,Automne,Nuageux,26,50,22,64.86
Lundi,False,12,Hiver,Nuageux,35,44,49,82.5
Mercredi,False,3,Été,Pluvieux,-10,70,31,87.73
Vendredi,False,13,Hiver,Ensoleillé,28,73,28,79.56
Mardi,False,23,Automne,Ensoleillé,20,22,18,53.32
Mercredi,False,14,Été,Neigeux,-1,67,23,103.98
Mercredi,False,8,Printemps,Neigeux,5,22,49,78.59
Dimanche,True,15,Été,Pluvieux,21,63,43,61.38
Jeudi,False,22,Été,Pluvieux,18,12,43,59.83
Dimanche,True,0,Printemps,Neigeux,13,53,40,41.26
Mardi,False,0,Été,Pluvieux,14,96,24,65.69
Samedi,True,7,Automne,Nuageux,38,75,40,52.87
Lundi,False,7,Été,Neigeux,16,44,45,81.8
Jeudi,False,17,Printemps,Ensoleillé,-10,35,50,82.59
Samedi,True,7,Hiver,Neigeux,5,27,36,79.0
Samedi,True,16,Été,Ensoleillé,21,29,40,50.26
Jeudi,False,0,Hiver,Pluvieux,37,77,44,73.36
Samedi,True,19,Printemps,Nuageux,-10,20,17,73.8
Mardi,False,9,Printemps,Ensoleillé,15,28,12,68.46
Samedi,True,2,Été,Nuageux,28,38,40,43.3
Mercredi,False,6,Hiver,Nuageux,-6,16,19,97.39
Dimanche,True,15,Automne,Neigeux,-4,10,41,76.22
Jeudi,False,5,Printemps,Neigeux,15,51,35,66.86
Mardi,False,6,Hiver,Neigeux,13,40,21,93.6
Samedi,True,14,Hiver,Nuageux,19,66,33,63.65
Mardi,False,18,Été,Pluvieux,-1,88,34,94.23
Mardi,False,21,Automne,Nuageux,34,69,24,65.99
Samedi,True,11,Hiver,Ensoleillé,35,36,37,67.37
Jeudi,False,13,Été,Pluvieux,-10,9,26,102.48
Mercredi,False,0,Été,Nuageux,2,36,38,71.52
Dimanche,True,11,Printemps,Ensoleillé,13,19,38,56.07
Lundi,False,2,Été,Nuageux,-6,94,44,73.21
Lundi,False,21,Printemps,Pluvieux,-1,1,12,81.0
Jeudi,False,4,Hiver,Ensoleillé,29,47,26,66.47
Mardi,False,12,Été,Ensoleillé,20,54,25,76.76
Mardi,False,17,Hiver,Pluvieux,9,82,25,91.93
Samedi,True,7,Hiver,Neigeux,33,69,28,73.35
Mardi,False,9,Automne,Ensoleillé,28,84,31,66.47
Mardi,False,23,Hiver,Pluvieux,11,39,44,66.88
Samedi,True,7,Été,Pluvieux,1,32,39,73.03
Samedi,True,23,Printemps,Ensoleillé,-1,88,47,48.61
Lundi,False,17,Automne,Pluvieux,34,19,36,76.5
Dimanche,True,4,Printemps,Ensoleillé,-7,46,17,60.28
Mercredi,False,11,Hiver,Pluvieux,27,32,15,94.68
Mardi,False,9,Hiver,Neigeux,-3,93,10,118.76
Samedi,True,20,Été,Neigeux,29,37,47,62.76
Vendredi,False,11,Printemps,Pluvieux,24,61,38,70.43
Jeudi,False,20,Printemps,Pluvieux,-1,90,11,91.7
Jeudi,False,10,Été,Nuageux,-5,45,45,87.06
Vendredi,False,23,Printemps,Pluvieux,15,88,47,56.29
Samedi,True,2,Printemps,Pluvieux,21,60,21,39.85
Dimanche,True,5,Printemps,Nuageux,17,91,25,42.45
Mercredi,False,18,Automne,Pluvieux,-6,71,15,96.74
Mercredi,False,9,Printemps,Nuageux,-3,18,32,77.31
Lundi,False,11,Été,Nuageux,0,35,50,84.01
Dimanche,True,15,Printemps,Nuageux,9,35,41,53.98
Samedi,True,12,Automne,Pluvieux,3,25,40,74.56
Vendredi,False,22,Printemps,Pluvieux,3,68,22,72.25
Samedi,True,18,Printemps,Pluvieux,27,83,36,50.81
Jeudi,False,23,Printemps,Pluvieux,-9,76,38,72.11
Samedi,True,2,Automne,Ensoleillé,39,44,20,56.18
Dimanche,True,6,Automne,Nuageux,-2,40,20,68.76
Dimanche,True,11,Hiver,Pluvieux,12,74,27,78.92
Samedi,True,20,Été,Ensoleillé,27,51,36,53.73
Lundi,False,12,Automne,Pluvieux,38,99,22,90.34
Mardi,False,21,Automne,Nuageux,24,0,38,54.61
Dimanche,True,3,Hiver,Neigeux,5,21,25,73.47
Vendredi,False,17,Automne,Ensoleillé,-3,19,35,82.61
Vendredi,False,12,Été,Pluvieux,11,16,43,84.14
Dimanche,True,22,Automne,Pluvieux,33,93,45,43.81
Jeudi,False,3,Été,Neigeux,3,7,36,80.75
Lundi,False,10,Automne,Neigeux,8,86,49,87.05
Mardi,False,7,Printemps,Pluvieux,-7,37,25,90.92
Mardi,False,22,Automne,Ensoleillé,15,31,27,55.66
Mercredi,False,15,Été,Neigeux,13,0,36,87.31
Samedi,True,21,Printemps,Neigeux,-9,0,36,65.96
Jeudi,False,10,Printemps,Pluvieux,-8,65,45,87.8
Samedi,True,18,Été,Pluvieux,-7,41,15,92.99
Samedi,True,1,Automne,Neigeux,34,82,43,44.1
Jeudi,False,17,Automne,Pluvieux,-8,16,24,99.97
Jeudi,False,12,Été,Ensoleillé,-10,95,39,102.93
Mercredi,False,16,Automne,Ensoleillé,25,98,21,67.65
Lundi,False,22,Hiver,Neigeux,22,36,32,72.58
Vendredi,False,17,Printemps,Ensoleillé,1,60,31,77.49
Lundi,False,12,Printemps,Nuageux,-7,90,35,85.06
Jeudi,False,9,Printemps,Nuageux,8,80,41,73.69
Mercredi,False,5,Printemps,Pluvieux,18,46,20,64.63
Mercredi,False,22,Hiver,Nuageux,-6,27,48,81.39
Jeudi,False,22,Printemps,Ensoleillé,19,80,20,55.47
Mercredi,False,11,Automne,Pluvieux,8,93,38,83.15
Dimanche,True,5,Hiver,Pluvieux,4,99,40,68.59
Vendredi,False,17,Printemps,Nuageux,11,37,12,80.38
Jeudi,False,2,Été,Ensoleillé,-5,45,44,72.18
Lundi,False,18,Printemps,Ensoleillé,8,14,28,74.38
Mercredi,False,12,Hiver,Nuageux,19,58,49,73.66
Jeudi,False,1,Printemps,Neigeux,17,9,26,62.74
Lundi,False,13,Hiver,Nuageux,17,92,35,84.15
Jeudi,False,13,Hiver,Ensoleillé,3,84,28,99.28
Jeudi,False,3,Hiver,Ensoleillé,29,12,34,63.98
Mardi,False,12,Printemps,Nuageux,1,92,40,77.8
Jeudi,False,9,Automne,Ensoleillé,39,87,12,88.12
Mardi,False,23,Automne,Neigeux,-3,16,48,78.43
Mardi,False,5,Automne,Pluvieux,26,86,36,58.13
Vendredi,False,8,Automne,Ensoleillé,8,12,23,72.04
Dimanche,True,14,Été,Ensoleillé,14,72,18,70.73
Mardi,False,19,Été,Neigeux,39,82,21,93.14
Mercredi,False,10,Automne,Nuageux,-1,44,25,83.04
Dimanche,True,15,Hiver,Neigeux,3,68,27,89.72
Mardi,False,11,Hiver,Pluvieux,13,71,25,95.22
Lundi,False,0,Printemps,Ensoleillé,6,97,18,58.43
Jeudi,False,21,Hiver,Nuageux,1,22,50,78.92
Vendredi,False,13,Été,Neigeux,35,78,12,101.11
Vendredi,False,13,Hiver,Pluvieux,16,24,28,91.11
Samedi,True,19,Printemps,Neigeux,15,9,39,60.18
Samedi,True,1,Été,Ensoleillé,19,76,18,44.28
Vendredi,False,3,Automne,Pluvieux,9,1,47,64.36
Lundi,False,5,Automne,Nuageux,22,90,13,65.95
Samedi,True,18,Printemps,Ensoleillé,25,52,10,58.05
Mardi,False,12,Printemps,Nuageux,28,20,21,70.11
Mardi,False,23,Printemps,Nuageux,27,85,21,50.36
Mercredi,False,1,Printemps,Pluvieux,22,9,42,42.4
Dimanche,True,9,Hiver,Ensoleillé,30,29,33,64.64
Samedi,True,9,Été,Ensoleillé,2,91,42,75.27
Samedi,True,18,Printemps,Ensoleillé,33,11,12,56.45
Lundi,False,9,Hiver,Nuageux,25,57,22,76.3
Vendredi,False,15,Hiver,Nuageux,-3,77,40,97.47
Lundi,False,1,Hiver,Pluvieux,12,31,38,67.75
Vendredi,False,12,Printemps,Ensoleillé,36,13,41,74.77
Jeudi,False,8,Automne,Nuageux,-4,16,16,87.53
Vendredi,False,4,Printemps,Ensoleillé,26,73,39,50.79
Samedi,True,16,Printemps,Pluvieux,15,18,19,58.87
Dimanche,True,6,Printemps,Neigeux,32,21,17,58.95
Mardi,False,12,Printemps,Pluvieux,0,68,20,88.49
Lundi,False,3,Été,Ensoleillé,26,21,43,53.92
Samedi,True,9,Automne,Pluvieux,29,72,28,60.71
Vendredi,False,10,Hiver,Neigeux,29,89,13,96.3
Dimanche,True,1,Printemps,Neigeux,16,76,49,40.1
Jeudi,False,1,Printemps,Nuageux,6,86,27,58.88
Mercredi,False,16,Automne,Pluvieux,0,49,38,83.06
Mardi,False,14,Printemps,Neigeux,34,14,15,89.91
Jeudi,False,11,Automne,Neigeux,14,66,31,81.44
Dimanche,True,6,Printemps,Pluvieux,12,86,10,64.02
Vendredi,False,10,Hiver,Pluvieux,-6,81,34,103.3
Lundi,False,0,Été,Nuageux,28,54,31,53.4
Lundi,False,6,Hiver,Nuageux,7,73,27,87.38
Samedi,True,2,Été,Ensoleillé,14,33,49,38.62
Samedi,True,9,Automne,Ensoleillé,-10,31,15,84.6
Jeudi,False,0,Été,Ensoleillé,1,52,47,62.72
Mercredi,False,15,Automne,Neigeux,31,65,28,87.04
Vendredi,False,11,Automne,Ensoleillé,25,78,35,68.82
Vendredi,False,9,Printemps,Nuageux,17,9,10,70.58
Jeudi,False,10,Hiver,Nuageux,4,21,20,93.9
Samedi,True,4,Hiver,Nuageux,-8,74,43,75.43
Mercredi,False,15,Printemps,Nuageux,-2,14,42,74.9
Mercredi,False,8,Automne,Ensoleillé,-7,21,20,86.5
Vendredi,False,15,Automne,Ensoleillé,-7,28,46,87.44
Dimanche,True,5,Printemps,Ensoleillé,35,23,16,53.98
Mercredi,False,21,Printemps,Neigeux,16,75,10,75.29
Vendredi,False,1,Hiver,Nuageux,16,30,28,59.38
Samedi,True,3,Printemps,Neigeux,7,68,42,49.65
Lundi,False,10,Automne,Neigeux,3,15,25,88.46
Dimanche,True,12,Hiver,Nuageux,25,66,11,67.74
Lundi,False,20,Hiver,Nuageux,18,23,37,67.14
Jeudi,False,12,Printemps,Nuageux,3,58,14,88.46
Lundi,False,8,Automne,Nuageux,32,35,37,70.47
Samedi,True,7,Hiver,Ensoleillé,9,87,18,69.83
Samedi,True,18,Printemps,Nuageux,19,5,15,48.77
Samedi,True,4,Printemps,Ensoleillé,7,89,30,50.92
Lundi,False,21,Été,Pluvieux,-7,33,42,88.7
Samedi,True,18,Automne,Nuageux,36,77,34,62.85
Jeudi,False,7,Été,Pluvieux,18,12,28,75.5
Dimanche,True,3,Printemps,Pluvieux,40,25,29,55.88
Lundi,False,9,Automne,Nuageux,15,69,30,73.97
Jeudi,False,23,Hiver,Nuageux,15,15,41,57.47
Mardi,False,10,Hiver,Pluvieux,3,57,43,95.77
Mardi,False,2,Automne,Neigeux,34,75,11,78.1
Lundi,False,9,Printemps,Neigeux,25,61,49,65.19
Jeudi,False,7,Printemps,Nuageux,-1,100,49,72.72
Mercredi,False,2,Été,Neigeux,25,45,49,58.6
Mardi,False,16,Hiver,Ensoleillé,-7,93,47,94.87
Dimanche,True,23,Automne,Ensoleillé,4,38,28,53.9
Vendredi,False,19,Automne,Nuageux,16,65,10,75.94
Mercredi,False,7,Automne,Pluvieux,9,89,38,77.59
Jeudi,False,11,Printemps,Nuageux,37,30,37,72.36
Dimanche,True,23,Hiver,Ensoleillé,33,26,43,50.69
Mardi,False,6,Été,Neigeux,29,100,22,80.89
Lundi,False,22,Hiver,Nuageux,-2,82,22,84.88
Vendredi,False,11,Automne,Neigeux,26,76,29,85.38
Samedi,True,12,Automne,Nuageux,38,54,39,64.93
Mercredi,False,6,Printemps,Ensoleillé,-6,38,19,75.45
Mardi,False,20,Été,Ensoleillé,15,86,47,68.8
Mercredi,False,23,Hiver,Neigeux,40,25,29,88.95
Mardi,False,9,Printemps,Nuageux,34,16,28,74.55
Dimanche,True,0,Printemps,Nuageux,28,27,36,29.09
Samedi,True,12,Printemps,Ensoleillé,36,4,17,60.96
Dimanche,True,9,Printemps,Nuageux,-9,58,49,67.02
Mardi,False,15,Printemps,Nuageux,38,73,45,68.42
Vendredi,False,22,Automne,Nuageux,4,42,50,65.22
Jeudi,False,1,Été,Pluvieux,36,17,49,65.57
Dimanche,True,13,Hiver,Ensoleillé,28,89,22,64.8
Vendredi,False,18,Été,Nuageux,26,49,12,78.96
Samedi,True,9,Automne,Neigeux,36,23,12,75.87
Lundi,False,12,Hiver,Nuageux,29,77,12,87.33
Mardi,False,12,Automne,Pluvieux,6,7,41,77.48
Samedi,True,6,Printemps,Pluvieux,30,91,30,49.11
Dimanche,True,12,Hiver,Pluvieux,37,98,38,75.81
Vendredi,False,7,Été,Ensoleillé,16,16,42,64.19
Jeudi,False,15,Automne,Nuageux,24,87,47,59.75
Lundi,False,10,Été,Ensoleillé,27,89,38,77.06
Dimanche,True,8,Été,Ensoleillé,13,71,40,54.74
Samedi,True,15,Automne,Neigeux,23,96,36,60.59
Dimanche,True,13,Été,Nuageux,28,3,43,59.67
Samedi,True,12,Automne,Pluvieux,39,87,23,74.5
Lundi,False,5,Été,Pluvieux,25,98,38,62.34
Jeudi,False,11,Printemps,Nuageux,-10,9,36,89.69
Mardi,False,10,Hiver,Pluvieux,-10,93,40,107.2
Lundi,False,20,Été,Neigeux,12,81,46,77.87
Samedi,True,6,Hiver,Nuageux,37,63,49,55.09
Dimanche,True,18,Été,Neigeux,24,64,32,62.37
Lundi,False,20,Printemps,Neigeux,21,17,25,62.95
Lundi,False,7,Été,Pluvieux,14,21,14,78.79
Mardi,False,22,Printemps,Nuageux,22,65,38,42.8
Jeudi,False,14,Printemps,Neigeux,-9,83,45,91.69
Mercredi,False,15,Automne,Neigeux,8,53,35,87.83
Samedi,True,22,Été,Neigeux,-3,87,15,77.05
Samedi,True,13,Été,Nuageux,21,95,32,58.58
Mardi,False,2,Hiver,Pluvieux,14,87,26,79.37
Mardi,False,5,Été,Nuageux,27,8,46,57.14
Mercredi,False,0,Printemps,Ensoleillé,31,17,11,58.22
Mercredi,False,19,Printemps,Nuageux,33,7,35,64.22
Jeudi,False,1,Printemps,Nuageux,39,30,18,66.01
Samedi,True,1,Automne,Pluvieux,-7,20,22,62.74
Dimanche,True,16,Automne,Neigeux,25,99,44,60.69
Mardi,False,12,Hiver,Nuageux,30,44,27,87.16
Jeudi,False,1,Été,Ensoleillé,-8,95,17,83.67
Dimanche,True,3,Automne,Pluvieux,30,51,40,43.05
Jeudi,False,19,Hiver,Nuageux,-7,77,41,97.9
Vendredi,False,17,Hiver,Nuageux,35,85,30,88.12
Samedi,True,9,Printemps,Neigeux,-4,53,43,68.85
Jeudi,False,20,Automne,Ensoleillé,34,52,35,66.3
Vendredi,False,23,Printemps,Pluvieux,9,8,22,61.57
Lundi,False,5,Été,Ensoleillé,38,61,46,66.85
Vendredi,False,23,Hiver,Pluvieux,7,31,44,73.22
Mercredi,False,19,Printemps,Ensoleillé,38,81,26,72.85
Samedi,True,23,Été,Ensoleillé,4,62,16,58.01
Mercredi,False,17,Été,Ensoleillé,-2,35,38,91.86
Mercredi,False,9,Hiver,Pluvieux,39,42,42,87.35
Samedi,True,18,Hiver,Neigeux,35,92,31,74.49
Jeudi,False,4,Été,Neigeux,32,21,28,82.77
Jeudi,False,20,Été,Ensoleillé,-6,75,16,89.74
Dimanche,True,21,Automne,Ensoleillé,14,61,11,58.63
Vendredi,False,4,Printemps,Nuageux,31,6,19,61.83
Mercredi,False,21,Printemps,Nuageux,24,55,10,57.7
Mercredi,False,17,Automne,Ensoleillé,14,10,10,81.41
Mercredi,False,12,Automne,Pluvieux,-3,70,44,95.2
Mercredi,False,2,Hiver,Neigeux,34,12,17,81.72
Samedi,True,23,Printemps,Neigeux,32,54,37,48.37
Mercredi,False,6,Hiver,Ensoleillé,2,3,32,85.13
Mercredi,False,17,Été,Ensoleillé,30,70,50,68.41
Samedi,True,13,Hiver,Pluvieux,25,78,35,63.33
Mercredi,False,20,Automne,Ensoleillé,4,10,27,73.7
Lundi,False,16,Été,Pluvieux,2,48,40,88.62
Mercredi,False,22,Été,Nuageux,5,90,33,71.71
Mercredi,False,19,Été,Nuageux,12,33,36,80.27
Mardi,False,10,Hiver,Neigeux,5,86,32,99.19
Mardi,False,21,Été,Nuageux,30,70,49,65.0
Lundi,False,8,Automne,Neigeux,6,90,19,88.76
Lundi,False,14,Printemps,Pluvieux,20,92,10,78.51
Mardi,False,17,Printemps,Pluvieux,26,61,42,68.06
Vendredi,False,12,Hiver,Ensoleillé,37,53,41,90.54
Vendredi,False,15,Printemps,Nuageux,19,8,25,66.18
Vendredi,False,10,Printemps,Pluvieux,38,11,46,77.66
Samedi,True,10,Automne,Pluvieux,38,73,29,65.84
Dimanche,True,18,Printemps,Pluvieux,40,82,16,65.72
Jeudi,False,9,Été,Neigeux,24,58,40,77.99
Lundi,False,23,Automne,Pluvieux,27,92,39,56.02
Lundi,False,19,Printemps,Neigeux,10,70,17,79.83
Mercredi,False,5,Printemps,Pluvieux,20,9,35,60.07
Samedi,True,22,Automne,Nuageux,39,21,11,54.43
Mercredi,False,18,Hiver,Nuageux,17,30,23,84.13
Samedi,True,5,Automne,Ensoleillé,10,0,39,51.0
Dimanche,True,3,Printemps,Neigeux,-5,69,26,61.9
Jeudi,False,16,Automne,Pluvieux,30,27,46,72.97
Lundi,False,15,Printemps,Ensoleillé,-8,97,19,92.92
Dimanche,True,22,Été,Neigeux,11,33,38,61.56
Samedi,True,6,Hiver,Ensoleillé,-5,94,15,84.66
Lundi,False,19,Hiver,Neigeux,23,21,37,82.06
Lundi,False,1,Été,Nuageux,6,59,12,74.84
Lundi,False,0,Printemps,Ensoleillé,-2,52,36,64.91
Samedi,True,14,Hiver,Neigeux,37,26,12,89.66
Dimanche,True,22,Été,Ensoleillé,34,80,24,54.29
Mardi,False,14,Automne,Nuageux,39,52,23,82.14
Jeudi,False,12,Automne,Ensoleillé,-6,41,33,86.35
Lundi,False,23,Été,Neigeux,-4,98,35,83.11
Vendredi,False,11,Automne,Nuageux,10,46,31,77.51
Mercredi,False,4,Automne,Pluvieux,0,50,17,85.26
Jeudi,False,2,Printemps,Neigeux,39,81,13,74.49
Vendredi,False,4,Automne,Ensoleillé,25,87,37,52.04
Dimanche,True,7,Été,Nuageux,-10,11,13,81.36
Mardi,False,11,Automne,Neigeux,26,20,24,81.39
Dimanche,True,13,Hiver,Neigeux,18,76,27,83.65
Dimanche,True,12,Printemps,Ensoleillé,-10,30,19,73.77
Lundi,False,5,Printemps,Neigeux,14,74,11,77.72
Dimanche,True,4,Automne,Ensoleillé,39,48,49,46.22
Mardi,False,10,Automne,Ensoleillé,15,10,42,66.34
Mardi,False,7,Printemps,Nuageux,-9,63,41,80.86
Dimanche,True,21,Printemps,Pluvieux,6,55,19,63.26
Samedi,True,8,Printemps,Pluvieux,30,46,11,59.09
Jeudi,False,21,Été,Neigeux,11,1,39,76.58
Lundi,False,8,Été,Nuageux,9,97,36,81.33
Lundi,False,13,Printemps,Nuageux,5,74,28,80.05
Dimanche,True,12,Été,Neigeux,7,36,10,86.28
Samedi,True,19,Été,Ensoleillé,30,4,44,57.29
Dimanche,True,10,Printemps,Nuageux,1,93,27,65.86
Vendredi,False,23,Hiver,Pluvieux,-6,1,36,88.74
Dimanche,True,4,Printemps,Ensoleillé,23,49,15,38.68
Mercredi,False,14,Automne,Nuageux,3,27,30,85.48
Mardi,False,10,Automne,Pluvieux,35,76,13,83.2
Jeudi,False,3,Été,Nuageux,4,22,24,70.23
Lundi,False,1,Printemps,Ensoleillé,-3,88,22,70.88
Dimanche,True,13,Été,Neigeux,12,44,20,82.99
Samedi,True,19,Hiver,Pluvieux,27,92,33,63.88
Mercredi,False,8,Automne,Ensoleillé,27,42,28,68.84
Samedi,True,3,Printemps,Ensoleillé,14,3,21,37.5
Dimanche,True,2,Été,Nuageux,19,25,44,41.3
Lundi,False,14,Automne,Neigeux,-10,4,49,93.82
Samedi,True,3,Été,Pluvieux,-9,92,14,74.06
Dimanche,True,14,Hiver,Pluvieux,37,70,23,83.01
Mardi,False,22,Printemps,Nuageux,33,4,48,53.9
Mercredi,False,9,Été,Pluvieux,12,48,37,81.88
Jeudi,False,16,Automne,Ensoleillé,30,23,21,73.19
Mercredi,False,3,Été,Nuageux,27,40,30,64.65
Mercredi,False,16,Hiver,Ensoleillé,18,2,41,70.84
Vendredi,False,5,Hiver,Ensoleillé,38,65,38,72.58
Jeudi,False,0,Printemps,Ensoleillé,14,52,13,58.52
Vendredi,False,20,Hiver,Pluvieux,38,90,44,84.72
Samedi,True,16,Automne,Nuageux,39,50,29,69.88
Dimanche,True,4,Hiver,Neigeux,23,26,38,61.73
Jeudi,False,9,Hiver,Nuageux,32,96,37,79.87
Vendredi,False,22,Été,Ensoleillé,2,57,40,68.63
Mercredi,False,13,Automne,Neigeux,3,77,20,99.7
Jeudi,False,21,Automne,Ensoleillé,36,17,38,62.04
Samedi,True,14,Printemps,Neigeux,7,83,49,70.15
Samedi,True,18,Printemps,Pluvieux,-9,63,38,77.61
Mardi,False,12,Automne,Neigeux,28,61,45,79.59
Jeudi,False,3,Automne,Ensoleillé,17,74,28,55.35
Jeudi,False,8,Hiver,Nuageux,3,76,41,91.92
Vendredi,False,3,Été,Pluvieux,17,66,44,66.77
Vendredi,False,17,Été,Nuageux,16,2,11,83.73
Lundi,False,12,Été,Nuageux,15,45,35,83.03
Dimanche,True,17,Automne,Pluvieux,7,47,40,62.29
Dimanche,True,8,Printemps,Ensoleillé,10,64,13,61.79
Mercredi,False,5,Automne,Neigeux,35,51,41,68.86
Mercredi,False,11,Automne,Neigeux,36,28,38,87.24
Mercredi,False,10,Été,Ensoleillé,37,79,35,79.78
Vendredi,False,7,Hiver,Nuageux,15,35,15,81.8
Mercredi,False,21,Hiver,Pluvieux,33,88,20,77.4
Mardi,False,21,Printemps,Neigeux,6,99,35,80.18
Mercredi,False,16,Hiver,Neigeux,-9,35,33,105.53
Jeudi,False,8,Hiver,Neigeux,11,23,38,92.55
Vendredi,False,21,Printemps,Pluvieux,18,83,16,63.76
Mardi,False,6,Automne,Neigeux,17,81,13,76.59
Mardi,False,18,Hiver,Pluvieux,31,66,21,92.8
Lundi,False,11,Printemps,Ensoleillé,-9,67,19,93.88
Vendredi,False,9,Été,Neigeux,11,59,16,97.24
Jeudi,False,6,Automne,Ensoleillé,22,83,34,58.12
Mercredi,False,4,Printemps,Neigeux,13,78,32,64.13
Mardi,False,5,Printemps,Ensoleillé,31,63,26,62.75
Lundi,False,3,Hiver,Ensoleillé,28,1,24,72.59
Vendredi,False,14,Été,Neigeux,35,22,11,100.54
Vendredi,False,13,Automne,Pluvieux,25,67,14,79.01
Samedi,True,1,Automne,Pluvieux,8,7,50,45.66
Lundi,False,9,Été,Nuageux,10,41,35,83.91
Mardi,False,22,Automne,Neigeux,-5,39,26,81.27
Mardi,False,6,Automne,Pluvieux,30,69,41,68.42
Samedi,True,15,Hiver,Nuageux,12,21,17,71.58
Dimanche,True,15,Automne,Ensoleillé,34,93,17,65.02
Jeudi,False,8,Été,Neigeux,20,24,34,82.13
Mercredi,False,12,Automne,Pluvieux,-7,97,24,103.19
Mardi,False,10,Hiver,Nuageux,-1,50,32,98.51
Dimanche,True,2,Été,Nuageux,9,59,36,51.67
Mercredi,False,19,Automne,Neigeux,14,17,47,73.18
Jeudi,False,5,Printemps,Neigeux,-5,24,36,84.56
Mercredi,False,19,Printemps,Nuageux,-2,40,44,71.42
Lundi,False,22,Hiver,Nuageux,4,75,43,72.13
Samedi,True,23,Été,Ensoleillé,26,43,25,41.41
Mardi,False,6,Hiver,Pluvieux,15,78,16,90.07
Mardi,False,13,Automne,Neigeux,1,60,21,100.4
Mardi,False,22,Hiver,Nuageux,-1,91,41,80.55
Jeudi,False,18,Automne,Nuageux,31,6,28,78.27
Vendredi,False,6,Automne,Neigeux,2,27,36,86.71
Samedi,True,12,Hiver,Pluvieux,16,2,26,74.07
Dimanche,True,6,Été,Neigeux,21,88,36,64.59
Mardi,False,22,Hiver,Neigeux,-6,73,50,88.86
Samedi,True,8,Automne,Neigeux,-8,18,15,83.88
Vendredi,False,3,Printemps,Nuageux,36,16,47,49.31
Dimanche,True,9,Automne,Ensoleillé,36,52,38,60.71
Samedi,True,22,Été,Neigeux,19,72,49,47.06
Dimanche,True,17,Été,Nuageux,25,28,40,58.07
Samedi,True,2,Été,Pluvieux,-1,91,10,70.51
Samedi,True,23,Été,Ensoleillé,27,7,16,51.53
Mardi,False,17,Été,Pluvieux,-2,54,34,99.9
Samedi,True,20,Hiver,Nuageux,16,37,45,60.88
Dimanche,True,3,Hiver,Ensoleillé,10,93,38,57.42
Mardi,False,0,Été,Pluvieux,20,40,49,52.31
Mercredi,False,10,Hiver,Nuageux,9,96,37,88.69
Lundi,False,22,Été,Neigeux,36,71,44,75.4
Jeudi,False,11,Hiver,Ensoleillé,1,85,38,93.07
Vendredi,False,0,Hiver,Pluvieux,36,82,23,73.05
Jeudi,False,13,Automne,Nuageux,12,66,34,74.25
Dimanche,True,16,Été,Nuageux,-4,67,48,68.27
Samedi,True,17,Printemps,Ensoleillé,9,10,34,52.5
Dimanche,True,6,Hiver,Nuageux,2,91,26,73.77
Lundi,False,16,Automne,Pluvieux,-4,1,38,88.4
Lundi,False,23,Été,Nuageux,14,2,30,56.77
Samedi,True,1,Printemps,Nuageux,24,74,17,34.72
Vendredi,False,6,Automne,Neigeux,7,39,16,83.8
Jeudi,False,19,Hiver,Ensoleillé,6,60,17,94.95
Jeudi,False,11,Hiver,Ensoleillé,38,99,21,88.1
Mercredi,False,15,Hiver,Neigeux,34,86,28,98.91
Dimanche,True,10,Été,Ensoleillé,37,86,26,69.86
Samedi,True,21,Automne,Neigeux,-4,72,20,81.17
Lundi,False,9,Hiver,Ensoleillé,-9,30,19,101.95
Samedi,True,6,Hiver,Pluvieux,18,17,44,54.89
Vendredi,False,3,Printemps,Nuageux,2,58,47,62.38
Mercredi,False,8,Hiver,Ensoleillé,37,97,29,84.13
Vendredi,False,0,Été,Nuageux,40,41,48,59.14
Mardi,False,17,Hiver,Neigeux,25,9,43,91.0
Dimanche,True,3,Automne,Neigeux,13,44,15,55.17
Vendredi,False,10,Printemps,Ensoleillé,-7,66,48,82.74
Samedi,True,2,Automne,Neigeux,32,57,24,56.57
Vendredi,False,3,Printemps,Nuageux,38,36,23,64.1
Lundi,False,8,Automne,Nuageux,31,74,36,66.72
Dimanche,True,9,Hiver,Nuageux,4,17,32,76.41
Mercredi,False,6,Hiver,Neigeux,37,99,40,84.09
Dimanche,True,5,Printemps,Ensoleillé,5,77,28,54.62
Lundi,False,0,Automne,Nuageux,-3,32,45,66.11
Jeudi,False,17,Printemps,Neigeux,11,26,26,80.27
Vendredi,False,0,Printemps,Pluvieux,27,98,43,46.29
Dimanche,True,4,Hiver,Nuageux,-6,20,10,72.33
Mercredi,False,5,Hiver,Pluvieux,38,63,35,79.02
Mardi,False,14,Printemps,Pluvieux,0,60,39,80.93
Lundi,False,23,Été,Ensoleillé,29,38,45,61.12
Mercredi,False,2,Hiver,Pluvieux,-6,5,33,90.12
Mardi,False,17,Printemps,Nuageux,32,75,11,76.03
Mercredi,False,18,Printemps,Ensoleillé,23,47,41,60.45
Jeudi,False,2,Hiver,Neigeux,-4,76,14,99.8
Vendredi,False,11,Printemps,Nuageux,-8,76,46,80.99
Vendredi,False,17,Automne,Nuageux,18,32,27,69.31
Jeudi,False,13,Hiver,Ensoleillé,8,12,22,87.34
Mercredi,False,1,Automne,Pluvieux,36,57,38,61.73
Mercredi,False,22,Printemps,Nuageux,15,37,39,49.74
Mercredi,False,15,Hiver,Nuageux,39,13,27,92.04
Jeudi,False,19,Hiver,Pluvieux,6,8,10,97.24
Samedi,True,8,Été,Nuageux,9,3,34,61.78
Jeudi,False,5,Automne,Nuageux,-8,88,20,85.22
Dimanche,True,23,Automne,Nuageux,17,49,19,46.77
Mardi,False,21,Hiver,Ensoleillé,24,11,41,65.81
Lundi,False,22,Été,Ensoleillé,20,17,34,61.99
Mercredi,False,20,Printemps,Pluvieux,4,80,48,76.05
Mardi,False,15,Automne,Pluvieux,12,2,36,73.83
Mercredi,False,8,Hiver,Pluvieux,6,92,50,89.44
Mardi,False,1,Hiver,Nuageux,21,43,28,64.73
Mercredi,False,3,Hiver,Neigeux,20,24,22,77.68
Dimanche,True,9,Printemps,Ensoleillé,40,66,24,58.82
Mercredi,False,22,Automne,Neigeux,22,88,30,61.59
Jeudi,False,12,Automne,Nuageux,-6,71,41,88.9
Dimanche,True,11,Automne,Nuageux,32,29,11,67.79
Lundi,False,21,Été,Neigeux,27,86,47,72.8
Lundi,False,6,Hiver,Ensoleillé,1,23,23,82.88
Lundi,False,3,Printemps,Pluvieux,-9,34,49,66.04
Lundi,False,15,Printemps,Nuageux,24,54,48,58.92
Lundi,False,4,Printemps,Ensoleillé,39,62,46,59.85
Jeudi,False,5,Automne,Neigeux,39,13,19,87.39
Dimanche,True,10,Automne,Nuageux,36,63,34,58.95
Vendredi,False,16,Printemps,Pluvieux,23,78,39,62.55
Jeudi,False,17,Printemps,Pluvieux,40,65,26,85.68
Jeudi,False,23,Hiver,Nuageux,23,18,11,65.92
Jeudi,False,15,Printemps,Ensoleillé,17,34,33,69.9
Lundi,False,18,Été,Ensoleillé,9,26,26,79.2
Dimanche,True,23,Été,Neigeux,13,97,45,55.71
Mardi,False,2,Été,Neigeux,18,93,35,66.15
Mercredi,False,14,Hiver,Ensoleillé,9,52,21,96.21
Samedi,True,7,Printemps,Neigeux,9,70,23,63.03
Mercredi,False,6,Printemps,Nuageux,14,90,45,60.61
Mercredi,False,9,Printemps,Nuageux,7,3,26,68.13
Jeudi,False,15,Hiver,Ensoleillé,28,77,42,76.52
Dimanche,True,16,Printemps,Neigeux,12,47,25,64.82
Jeudi,False,17,Hiver,Ensoleillé,5,87,34,86.68
Vendredi,False,0,Automne,Neigeux,29,74,27,63.43
Samedi,True,2,Été,Pluvieux,36,25,50,52.42
Vendredi,False,15,Printemps,Ensoleillé,13,11,43,67.2
Samedi,True,2,Hiver,Pluvieux,-5,2,40,70.93
Dimanche,True,6,Automne,Neigeux,8,85,10,69.77
Samedi,True,3,Printemps,Ensoleillé,25,78,11,34.33
Lundi,False,22,Printemps,Nuageux,-2,28,23,73.36
Lundi,False,12,Printemps,Ensoleillé,25,52,36,63.52
Mercredi,False,14,Automne,Ensoleillé,20,49,48,67.05
Jeudi,False,8,Hiver,Ensoleillé,24,68,27,72.27
Vendredi,False,15,Hiver,Pluvieux,36,40,17,99.53
Jeudi,False,6,Automne,Neigeux,38,55,37,75.18
Vendredi,False,23,Automne,Pluvieux,-3,66,43,74.97
Mardi,False,14,Printemps,Neigeux,7,67,42,82.36
Mardi,False,9,Hiver,Pluvieux,22,54,49,75.39
Samedi,True,18,Été,Neigeux,17,21,50,62.33
Dimanche,True,11,Printemps,Ensoleillé,10,8,27,60.09
Samedi,True,18,Printemps,Pluvieux,15,66,46,53.46
Mardi,False,6,Printemps,Neigeux,-5,69,35,80.78
Lundi,False,2,Automne,Neigeux,6,78,36,71.46
Mardi,False,17,Été,Nuageux,-9,37,30,92.41
Mardi,False,0,Hiver,Nuageux,30,64,41,58.86
Mercredi,False,10,Été,Neigeux,29,60,26,87.57
Mercredi,False,12,Printemps,Nuageux,0,29,17,88.55
Vendredi,False,23,Automne,Nuageux,-2,87,28,70.14
Samedi,True,20,Hiver,Nuageux,-2,30,21,81.05
Vendredi,False,7,Hiver,Nuageux,15,0,11,84.73
Mercredi,False,16,Hiver,Ensoleillé,9,13,15,87.04
Jeudi,False,9,Automne,Ensoleillé,19,79,14,77.84
Samedi,True,9,Printemps,Pluvieux,5,2,23,68.98
Lundi,False,4,Été,Ensoleillé,-9,33,32,80.18
Mardi,False,7,Été,Neigeux,28,67,41,76.11
Mardi,False,2,Printemps,Pluvieux,-2,53,47,68.67
Dimanche,True,10,Hiver,Neigeux,36,59,49,77.07
Mercredi,False,20,Automne,Ensoleillé,31,91,47,59.35
Mercredi,False,12,Hiver,Neigeux,20,64,26,88.3
Mercredi,False,4,Été,Pluvieux,0,42,15,88.26
Mardi,False,14,Printemps,Pluvieux,14,28,18,80.43
Jeudi,False,20,Automne,Nuageux,36,1,10,81.76
Mercredi,False,6,Printemps,Nuageux,-9,64,41,81.09
Mardi,False,11,Été,Nuageux,11,25,50,76.95
Mardi,False,8,Automne,Nuageux,-9,61,23,91.9
Dimanche,True,5,Été,Neigeux,22,14,28,57.75
Dimanche,True,11,Été,Nuageux,1,83,43,69.84
Lundi,False,18,Printemps,Nuageux,13,91,50,66.96
Mercredi,False,18,Printemps,Pluvieux,18,40,17,69.57
Dimanche,True,8,Été,Ensoleillé,8,26,22,68.64
Jeudi,False,11,Hiver,Pluvieux,4,31,46,96.89
Jeudi,False,13,Printemps,Pluvieux,33,23,16,84.54
Vendredi,False,11,Automne,Pluvieux,25,38,34,76.85
Mardi,False,5,Printemps,Nuageux,0,19,35,68.57
Lundi,False,16,Printemps,Ensoleillé,23,10,33,61.9
Samedi,True,10,Automne,Pluvieux,-8,71,19,86.49
Jeudi,False,4,Automne,Neigeux,5,90,43,77.58
Lundi,False,6,Été,Neigeux,22,86,44,76.21
Vendredi,False,23,Automne,Pluvieux,1,83,20,76.63
Mardi,False,11,Automne,Ensoleillé,26,43,40,65.26
Jeudi,False,22,Printemps,Ensoleillé,-4,8,37,62.06
Mardi,False,17,Printemps,Pluvieux,31,28,29,73.76
Mercredi,False,6,Hiver,Nuageux,7,83,15,83.76
Mardi,False,7,Hiver,Pluvieux,39,67,50,82.26
Dimanche,True,21,Été,Pluvieux,7,79,14,71.56
Jeudi,False,3,Hiver,Pluvieux,-3,53,39,79.91
Jeudi,False,21,Été,Neigeux,-6,39,35,87.74
Vendredi,False,11,Automne,Neigeux,7,87,12,94.74
Vendredi,False,15,Printemps,Neigeux,21,72,48,67.26
Mercredi,False,0,Été,Pluvieux,36,78,41,62.95
Vendredi,False,3,Été,Neigeux,-5,62,35,89.16
Mardi,False,12,Printemps,Neigeux,21,67,13,81.73
Dimanche,True,23,Hiver,Neigeux,24,74,47,54.74
Lundi,False,1,Hiver,Neigeux,20,11,30,66.96
Mardi,False,4,Printemps,Neigeux,-2,100,18,80.92
Mardi,False,11,Automne,Nuageux,14,6,29,71.92
Lundi,False,12,Printemps,Ensoleillé,40,21,18,78.2
Samedi,True,21,Printemps,Ensoleillé,5,77,46,44.51
Vendredi,False,5,Automne,Nuageux,5,90,46,71.49
Mardi,False,12,Printemps,Nuageux,20,20,26,64.88
Mardi,False,9,Été,Ensoleillé,4,12,19,83.43
Mercredi,False,15,Hiver,Pluvieux,11,52,42,88.67
Samedi,True,11,Automne,Ensoleillé,4,46,41,66.37
Mardi,False,15,Automne,Ensoleillé,33,27,33,72.28
Mercredi,False,10,Hiver,Ensoleillé,2,60,34,91.87
Samedi,True,19,Automne,Ensoleillé,32,21,33,57.68
Lundi,False,15,Été,Nuageux,7,26,28,88.31
Mercredi,False,7,Printemps,Ensoleillé,27,2,33,62.3
Lundi,False,22,Hiver,Pluvieux,30,18,40,73.39
Lundi,False,14,Printemps,Neigeux,32,16,21,89.19
Vendredi,False,4,Été,Ensoleillé,-5,99,10,90.34
Mardi,False,11,Hiver,Ensoleillé,11,85,37,84.17
Mercredi,False,4,Automne,Pluvieux,37,29,30,74.59
Jeudi,False,8,Automne,Ensoleillé,9,81,38,72.35
Jeudi,False,0,Hiver,Ensoleillé,13,28,23,64.42
Dimanche,True,23,Été,Ensoleillé,-10,5,13,72.0
Jeudi,False,2,Printemps,Pluvieux,12,97,12,69.23
Lundi,False,2,Automne,Neigeux,30,93,50,62.02
Vendredi,False,6,Printemps,Neigeux,17,5,47,62.37
Mercredi,False,6,Automne,Neigeux,3,73,12,95.12
Dimanche,True,12,Printemps,Ensoleillé,12,18,48,52.95
Vendredi,False,7,Été,Neigeux,22,23,19,77.09
Lundi,False,11,Printemps,Pluvieux,36,9,37,83.24
Dimanche,True,18,Printemps,Ensoleillé,23,65,43,40.12
Vendredi,False,21,Été,Ensoleillé,8,20,27,69.1
Lundi,False,19,Hiver,Ensoleillé,35,24,44,78.29
Mercredi,False,2,Hiver,Neigeux,25,84,35,72.76
Mercredi,False,11,Été,Ensoleillé,19,28,29,76.8
Vendredi,False,10,Été,Nuageux,2,53,13,93.44
Lundi,False,1,Été,Pluvieux,33,63,37,69.29
Mercredi,False,16,Automne,Ensoleillé,26,25,17,72.4
Mardi,False,14,Automne,Ensoleillé,35,58,35,72.92
Vendredi,False,2,Été,Nuageux,3,39,24,69.41
Mercredi,False,8,Hiver,Ensoleillé,15,26,30,76.59
Jeudi,False,17,Printemps,Ensoleillé,3,55,36,78.43
Jeudi,False,0,Hiver,Pluvieux,12,62,49,72.15
Mardi,False,14,Été,Pluvieux,-4,64,24,102.01
Lundi,False,5,Hiver,Nuageux,-3,46,12,93.84
Lundi,False,14,Printemps,Ensoleillé,23,97,34,63.93
Dimanche,True,7,Automne,Nuageux,-7,93,40,71.27
Vendredi,False,4,Printemps,Pluvieux,3,76,34,67.8
Mardi,False,14,Hiver,Pluvieux,-9,52,13,108.42
Mardi,False,22,Automne,Ensoleillé,24,35,28,53.22
Jeudi,False,3,Printemps,Neigeux,1,34,43,67.99
Jeudi,False,15,Automne,Neigeux,2,79,48,89.45
Lundi,False,6,Printemps,Ensoleillé,11,34,45,60.91
Samedi,True,11,Été,Nuageux,-8,80,31,83.09
Vendredi,False,19,Été,Nuageux,17,37,35,74.16
Mercredi,False,13,Printemps,Neigeux,18,39,50,73.45
Dimanche,True,2,Hiver,Pluvieux,2,54,43,59.14
Jeudi,False,17,Été,Nuageux,10,58,44,80.77
Jeudi,False,1,Printemps,Neigeux,12,91,16,69.94
Dimanche,True,11,Automne,Pluvieux,15,17,30,65.26
Jeudi,False,12,Été,Ensoleillé,-4,66,14,96.01
Vendredi,False,2,Printemps,Nuageux,10,8,38,55.86
Lundi,False,3,Automne,Neigeux,16,58,45,60.73
Mardi,False,22,Été,Ensoleillé,32,92,48,59.41
Lundi,False,4,Été,Pluvieux,28,73,11,73.72
Vendredi,False,12,Été,Pluvieux,37,85,50,81.21
Mercredi,False,5,Printemps,Neigeux,40,15,40,69.48
Samedi,True,7,Printemps,Ensoleillé,23,27,16,44.72
Mardi,False,2,Hiver,Pluvieux,36,20,48,76.77
Vendredi,False,16,Printemps,Ensoleillé,-7,63,44,86.29
Mardi,False,9,Été,Nuageux,36,98,11,88.21
Mercredi,False,22,Printemps,Nuageux,33,6,13,64.15
Samedi,True,12,Automne,Neigeux,21,18,43,55.65
Lundi,False,15,Automne,Pluvieux,-4,61,49,84.34
Vendredi,False,8,Automne,Pluvieux,32,97,44,74.68
Vendredi,False,10,Printemps,Nuageux,8,42,20,80.22
Samedi,True,20,Automne,Nuageux,-10,69,41,67.95
Dimanche,True,4,Printemps,Ensoleillé,30,20,30,38.74
Jeudi,False,23,Été,Ensoleillé,4,97,23,74.44
Samedi,True,23,Été,Ensoleillé,24,69,30,44.74
Lundi,False,1,Hiver,Ensoleillé,5,58,25,72.44
Dimanche,True,19,Printemps,Nuageux,4,90,34,58.25
Vendredi,False,5,Automne,Neigeux,29,58,12,77.63
Lundi,False,8,Hiver,Pluvieux,2,32,26,91.41
Jeudi,False,1,Printemps,Neigeux,6,85,47,60.64
Vendredi,False,17,Printemps,Pluvieux,25,92,45,62.91
Lundi,False,7,Été,Pluvieux,22,2,36,66.68
Mardi,False,19,Hiver,Ensoleillé,34,86,32,81.23
Jeudi,False,9,Été,Neigeux,38,21,16,99.37
Mercredi,False,11,Été,Ensoleillé,40,98,28,88.28
Dimanche,True,1,Hiver,Nuageux,16,10,12,57.11
Dimanche,True,2,Hiver,Neigeux,26,46,34,52.87
Samedi,True,16,Printemps,Nuageux,13,27,29,49.2
Mercredi,False,23,Automne,Pluvieux,5,77,47,63.45
Mardi,False,11,Automne,Neigeux,-10,26,12,113.43
Jeudi,False,21,Été,Nuageux,-7,66,34,88.39
Lundi,False,19,Printemps,Neigeux,-8,1,40,85.42
Dimanche,True,20,Printemps,Nuageux,24,63,16,46.53
Mercredi,False,15,Hiver,Neigeux,29,63,14,99.56
Mercredi,False,20,Automne,Nuageux,-6,67,10,86.62
Jeudi,False,3,Automne,Neigeux,34,42,24,73.62
Mardi,False,1,Automne,Pluvieux,23,26,33,55.55
Jeudi,False,15,Été,Nuageux,23,68,36,74.63
Mercredi,False,23,Automne,Neigeux,29,92,40,59.04
Samedi,True,11,Été,Pluvieux,15,89,42,62.7
Jeudi,False,20,Hiver,Neigeux,7,82,37,94.26
Vendredi,False,19,Printemps,Ensoleillé,-7,37,17,81.69
Vendredi,False,22,Hiver,Nuageux,37,56,20,79.13
Mercredi,False,16,Hiver,Neigeux,20,54,26,92.14
Lundi,False,7,Printemps,Neigeux,7,13,32,75.75
Mardi,False,3,Printemps,Ensoleillé,-4,73,14,76.96
Vendredi,False,20,Printemps,Nuageux,22,18,30,52.42
Mercredi,False,8,Automne,Pluvieux,4,34,35,85.84
Dimanche,True,14,Automne,Pluvieux,38,95,50,59.87
Jeudi,False,20,Automne,Pluvieux,6,37,31,83.44
Mercredi,False,6,Printemps,Neigeux,28,54,15,70.37
Samedi,True,17,Été,Nuageux,19,81,26,65.93
Jeudi,False,12,Été,Neigeux,-10,80,50,104.39
Mardi,False,19,Automne,Neigeux,31,13,48,74.18
Jeudi,False,20,Printemps,Nuageux,0,73,33,74.04
Vendredi,False,20,Hiver,Nuageux,16,25,33,72.95
Vendredi,False,1,Hiver,Neigeux,0,54,49,84.9
Samedi,True,18,Printemps,Ensoleillé,17,59,49,42.07
Vendredi,False,8,Printemps,Pluvieux,-7,99,48,87.15
Mercredi,False,13,Automne,Ensoleillé,5,57,35,85.96
Samedi,True,19,Hiver,Ensoleillé,4,81,41,75.58
Samedi,True,23,Automne,Ensoleillé,32,75,20,40.89
Vendredi,False,6,Hiver,Ensoleillé,1,31,17,87.41
Samedi,True,3,Hiver,Ensoleillé,-9,21,38,72.48
Samedi,True,9,Automne,Pluvieux,10,70,19,65.84
Samedi,True,18,Automne,Neigeux,28,60,30,62.57
Dimanche,True,11,Printemps,Ensoleillé,6,41,23,63.21
Jeudi,False,4,Printemps,Neigeux,22,67,28,56.17
Samedi,True,17,Automne,Neigeux,36,86,22,77.15
Mardi,False,0,Printemps,Nuageux,29,74,49,39.54
Mardi,False,7,Printemps,Nuageux,24,79,44,51.63
Mardi,False,4,Été,Neigeux,2,58,30,86.56
Samedi,True,7,Été,Ensoleillé,10,39,20,65.1
Vendredi,False,7,Hiver,Neigeux,29,28,24,93.24
Mercredi,False,9,Hiver,Ensoleillé,26,90,28,77.27
Mercredi,False,18,Automne,Neigeux,37,6,44,89.57
Mercredi,False,8,Automne,Pluvieux,27,11,12,82.62
Samedi,True,20,Été,Ensoleillé,-2,42,11,78.83
Mercredi,False,9,Été,Neigeux,8,64,38,86.01
Lundi,False,19,Automne,Ensoleillé,-1,58,35,84.1
Dimanche,True,23,Été,Ensoleillé,39,10,12,62.9
Dimanche,True,9,Été,Pluvieux,21,36,33,59.25
Mardi,False,19,Printemps,Neigeux,20,53,14,78.14
Dimanche,True,8,Printemps,Ensoleillé,18,17,39,45.44
Jeudi,False,10,Été,Neigeux,25,30,26,84.44
Lundi,False,15,Automne,Neigeux,32,61,45,78.32
Lundi,False,20,Printemps,Pluvieux,4,60,26,73.49
Mercredi,False,19,Printemps,Ensoleillé,20,79,19,64.76
Mercredi,False,2,Printemps,Ensoleillé,4,76,33,56.09
Mercredi,False,14,Été,Neigeux,-6,96,31,108.64
Vendredi,False,2,Automne,Neigeux,2,3,34,70.37
Samedi,True,0,Hiver,Nuageux,21,9,46,36.59
Vendredi,False,6,Automne,Pluvieux,11,85,11,77.5
Vendredi,False,19,Été,Nuageux,38,68,15,80.77
Vendredi,False,20,Été,Nuageux,1,45,10,93.96
Dimanche,True,6,Été,Ensoleillé,-3,53,47,63.26
Mardi,False,11,Printemps,Ensoleillé,-7,87,44,79.93
Samedi,True,22,Printemps,Nuageux,35,42,13,51.8
Mercredi,False,17,Printemps,Neigeux,-7,64,49,88.15
Vendredi,False,19,Hiver,Pluvieux,28,82,17,89.59
Dimanche,True,2,Été,Ensoleillé,36,100,28,50.88
Samedi,True,0,Hiver,Neigeux,5,37,12,74.59
Mardi,False,20,Hiver,Neigeux,23,61,39,76.29
Samedi,True,8,Été,Ensoleillé,28,39,16,65.77
Mercredi,False,20,Automne,Pluvieux,7,78,22,81.46
Mardi,False,4,Printemps,Neigeux,38,74,38,64.44
Dimanche,True,20,Printemps,Ensoleillé,7,47,42,48.44
Jeudi,False,16,Été,Nuageux,-1,22,30,92.38
Dimanche,True,18,Été,Neigeux,-7,1,44,83.37
Mercredi,False,14,Hiver,Neigeux,-2,62,44,102.52
Vendredi,False,22,Été,Ensoleillé,-2,20,12,80.84
Mardi,False,16,Hiver,Pluvieux,-10,3,15,111.16
Vendredi,False,7,Printemps,Neigeux,19,8,47,64.46
Dimanche,True,3,Été,Ensoleillé,32,30,47,41.26
Jeudi,False,20,Été,Ensoleillé,8,11,32,77.51
Mardi,False,15,Automne,Ensoleillé,38,14,41,75.54
Dimanche,True,9,Été,Ensoleillé,0,12,20,74.85
Mercredi,False,20,Été,Nuageux,16,5,43,68.86
Lundi,False,22,Été,Nuageux,9,49,42,70.06
Mardi,False,0,Printemps,Neigeux,4,43,41,63.73
Samedi,True,4,Hiver,Neigeux,33,7,27,66.31
Dimanche,True,9,Automne,Ensoleillé,31,17,38,54.77
Mercredi,False,5,Automne,Nuageux,-6,58,24,77.24
Vendredi,False,3,Hiver,Pluvieux,19,74,33,68.79
Lundi,False,17,Hiver,Ensoleillé,-6,1,33,100.72
Dimanche,True,22,Été,Ensoleillé,34,21,43,50.44
Vendredi,False,19,Printemps,Ensoleillé,29,78,22,67.66
Lundi,False,14,Printemps,Neigeux,34,75,25,81.95
Mercredi,False,2,Printemps,Ensoleillé,0,40,27,61.38
Vendredi,False,4,Été,Ensoleillé,23,24,11,69.64
Mardi,False,11,Été,Nuageux,4,24,35,81.15
Lundi,False,23,Été,Neigeux,13,89,11,76.07
Vendredi,False,4,Hiver,Ensoleillé,6,26,41,71.02
Samedi,True,18,Printemps,Ensoleillé,-8,83,31,72.27
Lundi,False,20,Hiver,Pluvieux,13,74,11,90.1
Mardi,False,19,Automne,Neigeux,27,16,11,83.27
Samedi,True,8,Printemps,Neigeux,8,17,31,64.66
Vendredi,False,14,Automne,Neigeux,1,77,24,97.21
Lundi,False,21,Été,Neigeux,21,67,21,79.01
Jeudi,False,9,Hiver,Neigeux,25,49,33,91.4
Mercredi,False,5,Automne,Nuageux,9,57,43,60.52
Vendredi,False,20,Printemps,Ensoleillé,38,79,32,67.03
Samedi,True,19,Été,Neigeux,8,9,34,68.49
Mardi,False,10,Printemps,Ensoleillé,27,62,21,65.95
Lundi,False,1,Été,Neigeux,16,28,34,68.31
Dimanche,True,13,Été,Pluvieux,11,11,27,74.59
Samedi,True,10,Hiver,Neigeux,27,38,29,81.61
Samedi,True,22,Automne,Neigeux,-10,63,30,74.45
Samedi,True,2,Printemps,Pluvieux,27,27,40,41.7
Dimanche,True,21,Hiver,Ensoleillé,-2,94,46,72.6
Lundi,False,10,Été,Nuageux,35,39,19,84.87
Dimanche,True,5,Hiver,Pluvieux,29,23,18,69.67
Mercredi,False,0,Automne,Neigeux,26,29,37,62.75
Samedi,True,17,Printemps,Ensoleillé,37,4,33,54.88
Mercredi,False,7,Automne,Ensoleillé,17,50,40,58.07
Samedi,True,7,Été,Nuageux,30,73,44,57.3
Jeudi,False,6,Automne,Neigeux,7,80,28,86.7
Mercredi,False,11,Hiver,Pluvieux,-4,37,32,108.45
Samedi,True,9,Été,Neigeux,-3,65,34,84.66
Mercredi,False,21,Été,Neigeux,-5,77,15,95.48
Vendredi,False,1,Hiver,Pluvieux,33,75,46,69.32
Vendredi,False,13,Printemps,Ensoleillé,9,94,14,79.27
Dimanche,True,14,Automne,Nuageux,1,32,33,66.08
Jeudi,False,6,Hiver,Pluvieux,-2,71,12,104.2
Samedi,True,15,Printemps,Nuageux,40,28,13,67.82
Mercredi,False,11,Printemps,Neigeux,6,76,35,84.85
Mercredi,False,8,Hiver,Neigeux,29,7,23,94.21
Mercredi,False,23,Été,Ensoleillé,0,70,48,64.25
Jeudi,False,1,Automne,Nuageux,-3,65,19,77.62
Lundi,False,23,Hiver,Pluvieux,28,36,42,66.74
Dimanche,True,17,Automne,Nuageux,-6,33,48,64.86
Mercredi,False,10,Été,Ensoleillé,40,99,26,90.58
Jeudi,False,22,Automne,Pluvieux,0,87,48,74.33
Vendredi,False,10,Hiver,Pluvieux,-8,97,29,108.29
Lundi,False,19,Hiver,Pluvieux,18,86,28,87.55
Dimanche,True,8,Été,Ensoleillé,12,17,50,57.06
Vendredi,False,20,Hiver,Pluvieux,13,81,43,78.02
Lundi,False,23,Automne,Ensoleillé,8,45,23,61.97
Samedi,True,7,Hiver,Nuageux,-4,19,43,73.3
Samedi,True,11,Automne,Nuageux,27,40,26,62.34
Mercredi,False,11,Été,Neigeux,11,33,43,89.77
Vendredi,False,3,Hiver,Ensoleillé,-1,12,48,71.18
Mercredi,False,17,Hiver,Neigeux,38,21,31,103.19
Mardi,False,1,Printemps,Ensoleillé,3,53,25,59.69
Mercredi,False,9,Printemps,Pluvieux,15,53,12,78.18
Mardi,False,4,Printemps,Nuageux,22,1,35,51.69
Samedi,True,23,Hiver,Neigeux,9,49,50,55.23
Lundi,False,0,Hiver,Neigeux,4,45,25,84.25
Mardi,False,19,Été,Neigeux,27,10,17,91.84
Vendredi,False,10,Hiver,Ensoleillé,-1,92,16,104.93
Lundi,False,1,Printemps,Ensoleillé,-8,96,11,75.45
Mercredi,False,15,Printemps,Nuageux,1,34,35,76.24
Mercredi,False,22,Été,Ensoleillé,-5,9,18,84.58
Dimanche,True,9,Printemps,Pluvieux,33,7,28,63.37
Dimanche,True,5,Hiver,Neigeux,5,70,13,80.07
Lundi,False,5,Été,Ensoleillé,13,62,37,62.99
Lundi,False,7,Été,Nuageux,-10,7,39,93.02
Mercredi,False,9,Été,Neigeux,34,81,19,88.8
Lundi,False,5,Printemps,Nuageux,24,27,35,55.31
Vendredi,False,20,Hiver,Neigeux,7,1,46,89.21
Mardi,False,20,Automne,Nuageux,24,86,29,58.1
Samedi,True,15,Automne,Neigeux,25,83,35,56.81
Jeudi,False,8,Printemps,Neigeux,24,76,41,61.44
Mercredi,False,3,Automne,Pluvieux,33,45,22,63.66
Mardi,False,13,Hiver,Nuageux,0,77,38,98.09
Lundi,False,20,Hiver,Ensoleillé,22,56,50,64.99
Mardi,False,2,Automne,Nuageux,28,45,37,55.5
Dimanche,True,11,Automne,Ensoleillé,3,83,28,72.0
Jeudi,False,6,Été,Nuageux,33,70,27,70.72
Lundi,False,4,Printemps,Pluvieux,31,1,49,55.51
Jeudi,False,5,Été,Ensoleillé,3,52,10,79.67
Dimanche,True,4,Automne,Pluvieux,6,87,28,56.46
Lundi,False,16,Printemps,Pluvieux,11,36,44,75.21
Jeudi,False,2,Automne,Neigeux,26,18,11,74.49
Lundi,False,1,Printemps,Nuageux,40,18,46,51.45
Vendredi,False,1,Printemps,Ensoleillé,-2,54,12,66.67
Vendredi,False,20,Hiver,Pluvieux,20,31,39,74.32
Samedi,True,16,Été,Pluvieux,22,3,48,59.16
Dimanche,True,11,Automne,Nuageux,-10,9,43,69.51
Mercredi,False,12,Printemps,Nuageux,-1,10,27,86.61
Dimanche,True,23,Automne,Neigeux,4,30,13,63.51
Samedi,True,10,Hiver,Nuageux,31,50,17,70.94
Dimanche,True,17,Printemps,Neigeux,-10,64,19,90.21
Mercredi,False,2,Été,Nuageux,21,26,28,56.68
Jeudi,False,6,Été,Ensoleillé,7,95,38,78.12
Dimanche,True,13,Automne,Nuageux,35,3,39,60.5
Vendredi,False,20,Printemps,Neigeux,39,86,24,76.03
Mardi,False,17,Automne,Pluvieux,30,56,45,72.35
Vendredi,False,20,Automne,Neigeux,0,60,13,95.49
Mardi,False,19,Printemps,Neigeux,12,46,10,81.63
Dimanche,True,17,Automne,Nuageux,15,53,42,53.33
Jeudi,False,4,Été,Pluvieux,-10,41,18,91.47
Samedi,True,6,Hiver,Nuageux,13,85,30,59.92
Vendredi,False,1,Automne,Neigeux,-8,66,31,87.75
Vendredi,False,1,Hiver,Pluvieux,34,26,17,80.4
Mardi,False,22,Hiver,Ensoleillé,15,65,11,72.36
Jeudi,False,0,Hiver,Nuageux,4,51,29,74.53
Jeudi,False,22,Automne,Neigeux,38,94,27,71.35
Jeudi,False,1,Été,Pluvieux,10,100,32,71.77
Vendredi,False,3,Été,Neigeux,20,73,27,69.77
Jeudi,False,7,Hiver,Ensoleillé,5,45,13,88.16
Vendredi,False,20,Printemps,Pluvieux,17,72,26,68.53
Jeudi,False,9,Été,Nuageux,35,65,15,85.41
Jeudi,False,6,Été,Pluvieux,22,67,21,71.6
Vendredi,False,18,Été,Pluvieux,23,46,47,75.03
Jeudi,False,17,Été,Neigeux,-8,38,39,100.21
Mardi,False,20,Automne,Neigeux,-2,10,25,87.0
Samedi,True,20,Printemps,Nuageux,-6,73,49,63.06
Samedi,True,4,Été,Pluvieux,14,43,22,59.22
Dimanche,True,0,Printemps,Nuageux,33,50,11,45.3
Mardi,False,3,Printemps,Neigeux,9,57,36,67.19
Dimanche,True,11,Été,Neigeux,22,94,50,69.38
Jeudi,False,18,Été,Neigeux,8,7,40,84.13
Lundi,False,7,Automne,Pluvieux,4,45,32,83.58
Mercredi,False,22,Automne,Neigeux,-2,83,26,83.57
Samedi,True,12,Été,Ensoleillé,0,94,12,80.08
Jeudi,False,23,Été,Neigeux,27,64,46,67.75
Mercredi,False,13,Hiver,Neigeux,31,55,27,98.08
Dimanche,True,18,Été,Pluvieux,32,11,30,71.37
Lundi,False,0,Automne,Ensoleillé,1,12,27,62.74
Mercredi,False,3,Hiver,Nuageux,13,47,48,59.51
Lundi,False,7,Printemps,Ensoleillé,15,69,32,64.22
Lundi,False,15,Printemps,Pluvieux,-1,27,14,91.37
Vendredi,False,18,Printemps,Nuageux,31,0,41,66.9
Mardi,False,6,Été,Nuageux,23,34,35,67.3
Lundi,False,7,Hiver,Ensoleillé,-7,84,46,93.7
Samedi,True,21,Été,Nuageux,11,52,50,47.02
Vendredi,False,5,Été,Pluvieux,35,71,18,80.49
Lundi,False,12,Automne,Neigeux,13,42,42,78.73
Mardi,False,8,Printemps,Pluvieux,3,0,34,77.29
Jeudi,False,21,Hiver,Pluvieux,13,42,21,77.3
Lundi,False,16,Printemps,Ensoleillé,0,67,15,87.01
Vendredi,False,3,Printemps,Nuageux,-5,63,45,68.9
Lundi,False,2,Printemps,Ensoleillé,25,39,22,49.88
Jeudi,False,18,Hiver,Nuageux,23,63,33,77.99
Dimanche,True,9,Automne,Ensoleillé,1,53,40,62.09
Samedi,True,17,Printemps,Nuageux,27,78,11,59.06
Lundi,False,12,Hiver,Ensoleillé,7,35,36,93.82
Mercredi,False,12,Hiver,Pluvieux,-8,55,15,109.95
Lundi,False,8,Été,Ensoleillé,1,3,32,82.14
Samedi,True,3,Automne,Nuageux,4,26,24,51.52
Jeudi,False,18,Hiver,Nuageux,4,31,26,88.27
Mardi,False,16,Hiver,Neigeux,21,89,23,95.83
Vendredi,False,6,Été,Neigeux,31,89,49,70.3
Dimanche,True,0,Printemps,Pluvieux,37,67,36,40.32
Dimanche,True,1,Automne,Pluvieux,18,57,34,40.65
Dimanche,True,6,Printemps,Neigeux,9,66,36,60.45
Dimanche,True,12,Printemps,Ensoleillé,17,16,10,61.64
Dimanche,True,7,Hiver,Neigeux,9,47,18,80.94
Mardi,False,14,Automne,Nuageux,9,70,50,75.55
Mardi,False,1,Printemps,Ensoleillé,9,19,38,54.59
Jeudi,False,6,Été,Ensoleillé,0,47,49,74.43
Mercredi,False,12,Printemps,Neigeux,24,56,28,80.18
Vendredi,False,1,Printemps,Nuageux,34,34,11,58.72
Jeudi,False,17,Été,Ensoleillé,13,38,43,73.99
Mercredi,False,22,Automne,Nuageux,9,41,42,61.34
Dimanche,True,16,Printemps,Nuageux,25,79,39,43.86
Vendredi,False,3,Automne,Nuageux,18,14,29,54.14
Mardi,False,18,Été,Pluvieux,19,34,40,76.86
Jeudi,False,12,Automne,Pluvieux,13,32,18,85.67
Mardi,False,14,Hiver,Nuageux,20,59,22,80.4
Samedi,True,9,Automne,Ensoleillé,18,34,43,45.59
Dimanche,True,8,Printemps,Pluvieux,17,54,37,53.59
Samedi,True,16,Printemps,Nuageux,23,25,48,47.2
Jeudi,False,18,Hiver,Nuageux,21,89,15,79.57
Mercredi,False,22,Été,Pluvieux,38,88,39,67.16
Mercredi,False,8,Hiver,Nuageux,12,80,23,85.14
Lundi,False,15,Hiver,Ensoleillé,36,51,50,85.36
Samedi,True,18,Printemps,Pluvieux,8,68,25,61.54
Vendredi,False,14,Été,Nuageux,34,59,12,87.83
Dimanche,True,4,Automne,Neigeux,37,69,20,59.49
Lundi,False,12,Hiver,Pluvieux,28,12,36,86.31
Samedi,True,22,Printemps,Nuageux,7,30,28,49.07
Mardi,False,0,Automne,Neigeux,34,29,40,70.78
Dimanche,True,8,Printemps,Neigeux,37,4,20,65.53
Mardi,False,5,Hiver,Ensoleillé,4,75,26,88.17
Dimanche,True,11,Automne,Ensoleillé,7,0,48,59.04
Samedi,True,4,Printemps,Pluvieux,20,88,31,43.81
Samedi,True,19,Printemps,Ensoleillé,21,83,19,48.81
Samedi,True,5,Automne,Pluvieux,30,45,45,43.82
Mercredi,False,13,Été,Pluvieux,1,30,15,101.89
Vendredi,False,18,Automne,Nuageux,38,35,41,77.89
Lundi,False,23,Printemps,Ensoleillé,5,38,26,62.11
Dimanche,True,14,Printemps,Neigeux,23,91,23,60.95
Mardi,False,20,Hiver,Ensoleillé,12,26,13,83.73
Dimanche,True,10,Printemps,Nuageux,30,31,32,54.5
Vendredi,False,1,Printemps,Ensoleillé,-9,69,22,70.11
Mardi,False,23,Printemps,Pluvieux,1,48,48,60.12
Mardi,False,21,Printemps,Neigeux,14,8,27,63.68
Samedi,True,22,Printemps,Nuageux,11,13,39,41.1
Lundi,False,23,Été,Pluvieux,26,17,39,64.3
Mercredi,False,9,Été,Ensoleillé,14,9,17,80.42
Lundi,False,21,Été,Pluvieux,32,35,47,67.59
Mercredi,False,10,Été,Pluvieux,34,12,32,90.6
Dimanche,True,4,Été,Ensoleillé,-10,36,24,71.48
Mercredi,False,16,Automne,Pluvieux,-1,85,36,85.74
Mercredi,False,10,Automne,Pluvieux,21,63,29,72.79
Samedi,True,2,Été,Pluvieux,5,31,15,63.39
Mardi,False,8,Été,Ensoleillé,31,32,50,71.36
Mercredi,False,12,Été,Ensoleillé,16,8,19,82.01
Mercredi,False,8,Hiver,Nuageux,20,51,29,74.99
Lundi,False,21,Hiver,Nuageux,-1,94,16,87.34
Jeudi,False,8,Printemps,Ensoleillé,-3,26,48,71.88
Vendredi,False,22,Automne,Ensoleillé,-9,31,31,78.86
Samedi,True,19,Été,Ensoleillé,32,81,33,61.74
Vendredi,False,6,Hiver,Ensoleillé,-9,14,40,93.01
Samedi,True,9,Hiver,Pluvieux,28,86,25,69.57
Samedi,True,11,Hiver,Ensoleillé,-6,96,18,96.18
Mercredi,False,5,Hiver,Nuageux,13,81,38,68.35
Dimanche,True,2,Automne,Ensoleillé,-1,81,26,60.12
Samedi,True,17,Automne,Nuageux,-5,91,28,77.16
Vendredi,False,2,Automne,Ensoleillé,25,39,39,52.78
Samedi,True,10,Été,Neigeux,9,9,14,80.43
Vendredi,False,7,Printemps,Pluvieux,21,17,30,63.28
Vendredi,False,13,Hiver,Ensoleillé,37,45,36,91.56
Dimanche,True,14,Automne,Ensoleillé,-5,15,11,75.97
Vendredi,False,11,Été,Ensoleillé,9,49,41,84.34
Samedi,True,6,Automne,Ensoleillé,2,0,33,61.53
Mercredi,False,11,Hiver,Nuageux,17,98,39,84.16
Mercredi,False,12,Printemps,Ensoleillé,3,11,17,86.1
Jeudi,False,1,Printemps,Neigeux,26,40,45,54.07
Lundi,False,18,Été,Neigeux,13,93,19,92.11
Samedi,True,16,Été,Ensoleillé,19,7,22,61.41
Samedi,True,12,Printemps,Ensoleillé,11,2,27,58.01
Mardi,False,13,Été,Neigeux,2,20,49,88.39
Lundi,False,6,Hiver,Ensoleillé,16,95,10,79.72
Vendredi,False,1,Hiver,Pluvieux,14,0,12,74.39
Jeudi,False,4,Hiver,Neigeux,15,49,10,86.15
Mercredi,False,16,Printemps,Neigeux,2,87,41,83.6
Vendredi,False,20,Printemps,Nuageux,8,16,18,72.98
Vendredi,False,21,Hiver,Pluvieux,39,19,50,82.25
Mardi,False,15,Hiver,Ensoleillé,24,94,49,70.7
Mardi,False,15,Hiver,Ensoleillé,-1,0,44,91.79
Dimanche,True,15,Hiver,Pluvieux,18,51,16,72.6
Samedi,True,14,Automne,Nuageux,32,32,45,54.23
Mercredi,False,2,Printemps,Ensoleillé,33,18,19,54.76
Samedi,True,17,Hiver,Nuageux,32,20,38,64.41
Mardi,False,17,Automne,Ensoleillé,26,33,20,73.22
Vendredi,False,15,Hiver,Ensoleillé,30,22,18,86.82
Samedi,True,18,Hiver,Nuageux,7,75,47,72.3
Mardi,False,4,Hiver,Pluvieux,30,9,43,73.99
Samedi,True,23,Automne,Neigeux,4,50,15,67.28
Dimanche,True,0,Automne,Neigeux,24,54,36,40.1
Mardi,False,10,Hiver,Ensoleillé,37,66,30,91.69
Mercredi,False,5,Printemps,Ensoleillé,6,66,19,66.2
Lundi,False,6,Printemps,Nuageux,-1,89,42,72.85
Samedi,True,0,Hiver,Nuageux,-2,24,12,72.32
Samedi,True,13,Hiver,Nuageux,2,99,42,79.04
Samedi,True,19,Automne,Ensoleillé,36,93,40,57.52
Dimanche,True,9,Automne,Nuageux,33,47,10,68.39
Jeudi,False,13,Hiver,Nuageux,25,28,24,80.54
Lundi,False,16,Hiver,Ensoleillé,-9,19,38,102.27
Dimanche,True,23,Hiver,Nuageux,-8,78,29,74.44
Dimanche,True,8,Hiver,Ensoleillé,1,74,13,80.74
Mardi,False,16,Automne,Pluvieux,18,28,41,67.06
Dimanche,True,6,Automne,Nuageux,3,69,43,58.85
Mercredi,False,7,Été,Neigeux,14,82,27,84.63
Jeudi,False,13,Automne,Neigeux,-7,76,24,103.66
Samedi,True,4,Printemps,Nuageux,-9,82,45,51.92
Dimanche,True,15,Été,Pluvieux,-10,54,50,78.41
Vendredi,False,11,Été,Nuageux,38,41,25,82.97
Vendredi,False,5,Printemps,Pluvieux,5,67,44,71.85
Samedi,True,5,Hiver,Nuageux,26,46,49,50.9
Jeudi,False,17,Printemps,Ensoleillé,37,57,41,65.31
Dimanche,True,8,Hiver,Ensoleillé,40,91,16,71.1
Vendredi,False,18,Automne,Nuageux,36,25,17,80.97
Jeudi,False,15,Été,Ensoleillé,34,19,27,79.99
Mardi,False,22,Été,Neigeux,20,89,31,67.39
Mardi,False,1,Été,Ensoleillé,27,50,26,55.67
Mardi,False,3,Printemps,Neigeux,27,51,28,56.32
Mercredi,False,13,Printemps,Neigeux,12,20,10,87.38
Mercredi,False,22,Été,Pluvieux,-9,29,25,86.32
Jeudi,False,22,Été,Ensoleillé,31,13,40,66.32
Dimanche,True,16,Été,Nuageux,21,63,10,67.08
Mercredi,False,10,Hiver,Nuageux,11,31,38,88.63
Samedi,True,14,Automne,Neigeux,26,37,37,62.89
Vendredi,False,18,Automne,Nuageux,18,64,20,75.24
Lundi,False,2,Hiver,Nuageux,38,59,22,75.65
Mercredi,False,20,Été,Neigeux,-6,77,32,101.94
Samedi,True,18,Automne,Pluvieux,4,96,28,69.31
Mardi,False,23,Hiver,Nuageux,39,60,27,70.61
Mardi,False,9,Printemps,Nuageux,19,17,28,62.9
Jeudi,False,15,Été,Ensoleillé,21,18,28,67.84
Mercredi,False,8,Été,Nuageux,25,76,25,75.29
Mercredi,False,8,Printemps,Ensoleillé,-6,73,33,77.72
Samedi,True,14,Hiver,Pluvieux,28,75,42,69.29
Dimanche,True,19,Hiver,Nuageux,28,43,19,66.87
Lundi,False,10,Hiver,Nuageux,19,45,17,88.13
Mardi,False,20,Hiver,Neigeux,3,47,20,103.69
Vendredi,False,7,Été,Nuageux,2,17,36,75.64
Jeudi,False,15,Printemps,Nuageux,8,37,40,74.61
Mardi,False,7,Automne,Nuageux,27,31,31,61.99
Samedi,True,3,Hiver,Pluvieux,10,55,11,69.53
Vendredi,False,7,Automne,Ensoleillé,-3,83,44,77.5
Vendredi,False,8,Printemps,Nuageux,7,12,37,71.22
Vendredi,False,23,Printemps,Nuageux,-6,31,23,65.48
Mercredi,False,16,Hiver,Nuageux,35,83,30,81.43
Jeudi,False,17,Printemps,Nuageux,4,15,32,75.51
Vendredi,False,6,Été,Nuageux,7,15,10,81.74
Mardi,False,18,Printemps,Nuageux,19,26,24,63.03
Mardi,False,3,Printemps,Neigeux,8,41,39,66.77
Mardi,False,9,Été,Nuageux,3,65,43,81.85
Mardi,False,16,Été,Nuageux,22,25,23,75.99
Mardi,False,5,Été,Pluvieux,28,42,21,77.1
Dimanche,True,11,Printemps,Neigeux,7,0,48,68.43
Vendredi,False,18,Automne,Ensoleillé,11,96,29,81.06
Dimanche,True,12,Été,Pluvieux,3,26,11,86.57
Samedi,True,10,Hiver,Neigeux,38,11,36,85.5
Samedi,True,15,Hiver,Ensoleillé,35,44,47,72.16
Mercredi,False,12,Automne,Pluvieux,11,100,48,79.62
Samedi,True,3,Hiver,Pluvieux,-7,1,35,70.49
Mardi,False,14,Printemps,Ensoleillé,22,61,28,60.52
Samedi,True,8,Printemps,Pluvieux,-2,61,26,70.91
Mercredi,False,14,Été,Nuageux,0,89,22,93.11
Vendredi,False,23,Printemps,Pluvieux,9,55,33,61.35
Samedi,True,15,Été,Ensoleillé,9,16,22,65.43
Mardi,False,3,Automne,Nuageux,-9,89,13,79.2
Jeudi,False,3,Hiver,Pluvieux,11,65,22,76.62
Jeudi,False,19,Automne,Nuageux,30,3,19,79.93
Mardi,False,0,Hiver,Ensoleillé,1,53,19,79.65
Mercredi,False,4,Hiver,Ensoleillé,2,81,50,77.48
Dimanche,True,19,Automne,Ensoleillé,38,40,16,70.81
Vendredi,False,20,Été,Ensoleillé,9,39,33,78.21
Samedi,True,9,Été,Ensoleillé,33,13,37,61.66
Mercredi,False,20,Printemps,Pluvieux,-3,86,18,86.01
Samedi,True,19,Printemps,Pluvieux,31,70,50,51.3
Jeudi,False,10,Printemps,Pluvieux,16,92,41,74.32
Lundi,False,14,Automne,Neigeux,-10,70,16,107.4
Vendredi,False,19,Printemps,Nuageux,-6,52,16,89.52
Mercredi,False,4,Hiver,Nuageux,1,14,23,86.41
Mardi,False,6,Automne,Neigeux,6,54,28,83.97
Jeudi,False,5,Été,Neigeux,35,66,12,88.45
Mercredi,False,0,Hiver,Ensoleillé,30,48,14,66.56
Samedi,True,0,Été,Ensoleillé,11,60,28,46.88
Jeudi,False,4,Automne,Neigeux,40,94,47,68.66
Vendredi,False,20,Automne,Neigeux,19,26,48,72.06
Dimanche,True,18,Hiver,Ensoleillé,12,92,41,65.97
Mercredi,False,15,Hiver,Nuageux,21,9,42,77.37
Dimanche,True,19,Automne,Nuageux,33,90,34,59.88
Mardi,False,1,Printemps,Ensoleillé,25,63,46,44.59
Vendredi,False,11,Hiver,Nuageux,26,76,23,80.99
Jeudi,False,13,Printemps,Nuageux,37,95,46,73.32
Vendredi,False,20,Printemps,Neigeux,10,49,44,76.73
Lundi,False,7,Été,Nuageux,36,1,26,85.16
Mardi,False,11,Hiver,Neigeux,-5,75,14,115.34
Jeudi,False,2,Hiver,Nuageux,6,44,36,71.05
Dimanche,True,4,Automne,Pluvieux,21,79,11,51.51
Lundi,False,13,Automne,Neigeux,27,41,10,92.61
Lundi,False,7,Été,Pluvieux,37,4,15,92.95
Samedi,True,6,Été,Pluvieux,8,26,30,66.85
Mercredi,False,2,Hiver,Ensoleillé,-3,49,39,77.31
Dimanche,True,23,Hiver,Ensoleillé,4,42,22,60.88
Mercredi,False,0,Hiver,Ensoleillé,8,81,35,70.47
Mercredi,False,9,Hiver,Nuageux,1,25,40,91.82
Dimanche,True,12,Automne,Ensoleillé,24,63,36,57.71
Lundi,False,1,Printemps,Nuageux,16,50,45,40.52
Dimanche,True,17,Automne,Nuageux,9,31,42,54.23
Vendredi,False,9,Automne,Neigeux,-9,50,47,100.06
Lundi,False,19,Printemps,Pluvieux,27,27,14,77.85
Mardi,False,16,Été,Neigeux,33,2,15,93.29
Samedi,True,20,Automne,Nuageux,24,64,17,52.97
Jeudi,False,4,Automne,Pluvieux,40,93,27,70.82
Dimanche,True,5,Été,Ensoleillé,34,44,15,64.71
Samedi,True,23,Hiver,Ensoleillé,-8,33,47,64.83
Vendredi,False,2,Hiver,Pluvieux,23,15,18,74.37
Lundi,False,10,Été,Pluvieux,15,78,50,80.25
Mercredi,False,14,Printemps,Ensoleillé,23,6,16,73.32
Dimanche,True,8,Automne,Nuageux,24,5,41,48.56
Samedi,True,2,Printemps,Pluvieux,25,12,12,43.54
Dimanche,True,11,Automne,Pluvieux,36,54,30,68.6
Jeudi,False,23,Été,Neigeux,-3,14,11,85.31
Samedi,True,4,Printemps,Ensoleillé,28,64,33,37.47
Jeudi,False,12,Automne,Pluvieux,-4,3,33,90.89
Vendredi,False,9,Printemps,Pluvieux,38,2,24,83.44
Vendredi,False,23,Hiver,Nuageux,11,82,19,76.64
Mercredi,False,17,Hiver,Pluvieux,11,47,40,87.62
Lundi,False,18,Printemps,Pluvieux,24,50,47,62.53
Vendredi,False,12,Été,Nuageux,-8,10,28,95.75
Vendredi,False,0,Printemps,Neigeux,11,58,10,65.42
Mardi,False,21,Été,Ensoleillé,7,82,48,67.28
Lundi,False,2,Été,Pluvieux,0,9,12,85.14
Samedi,True,15,Printemps,Nuageux,-2,67,44,58.82
Samedi,True,5,Été,Nuageux,30,67,38,53.0
Mercredi,False,23,Hiver,Nuageux,-6,19,10,87.09
Lundi,False,10,Printemps,Ensoleillé,-9,9,26,91.1
Vendredi,False,0,Hiver,Nuageux,12,57,47,62.47
Mardi,False,8,Printemps,Neigeux,14,66,28,75.74
Dimanche,True,3,Automne,Neigeux,23,37,42,49.18
Mardi,False,23,Printemps,Nuageux,16,49,26,53.6
Dimanche,True,12,Hiver,Nuageux,-6,50,26,88.48
Lundi,False,7,Printemps,Neigeux,6,23,11,84.76
Vendredi,False,0,Hiver,Ensoleillé,-7,35,24,79.6
Samedi,True,18,Printemps,Nuageux,-10,62,47,69.96
Samedi,True,1,Automne,Nuageux,18,27,24,39.67
Dimanche,True,18,Hiver,Nuageux,35,52,27,67.06
